Name,Postcode,Qualifications/10,Communication/5
Robin Suarez,SE18 5JL,10,3
John Bautista,SW19 1PF,4,5
Alan Burton MD,SE6 3BG,3,5
Tanya Dean,NW6 7ES,4,3
Jacob Daniel,E8 2LE,4,3
Julie Shah,N1 4AA,4,5
Tammy Patel,SW2 5UQ,7,3
Holly Hill PhD,N14 4ER,4,4
Sherry Brandt,E13 0PF,9,5
Samantha Smith,SE3 0NF,7,4
Chad Olsen,N7 9RR,9,5
Amber Chavez,NW1 9BX,4,3
Jorge Hawkins,E5 8BF,6,5
Darrell Mann,SE17 2JA,7,2
Kevin Smith,W11 3JS,5,2
Jesus Jones,E17 9DZ,7,2
Pedro Miller,SE16 4AS,7,4
Daniel Ferguson,NW8 9JD,4,5
Michael Watkins,SW2 4JD,3,5
Andrew Brown,N12 8JG,5,4
Isaac Rodgers,E2 6DB,6,4
Ellen Smith,SW9 0AA,3,5
Kyle Petty,NW9 4FY,7,2
Stephen Mendoza,W11 4TJ,6,3
Andre Lewis,NW9 6SR,3,5
Jerry Clay,SW3 6BJ,10,5
Julie Murray,SW18 4UN,5,4
Jessica Jones,SE27 9JP,9,2
Dave Sloan DVM,NW2 4NS,9,4
Dale Porter,SE6 4PX,4,2
Raymond Collins,E4 9QN,7,2
Ruth Marks,SE26 4EB,3,2
Sierra Smith,N15 6NH,6,2
Robin Meyer,SW14 7BJ,9,4
Sheila Chambers,SE4 2DL,10,5
Donna Myers,SW19 8AU,3,4
Daniel Bates,SE9 1JD,5,2
Sally Wright,SW18 5HD,10,5
Paul Paul,W3 3HW,4,3
April Vasquez,SE27 9BZ,8,3
Derek Hernandez MD,SE25 5DT,9,3
Kimberly Rodriguez,SE17 1QE,6,4
Dr. William Clark,SE18 6XB,8,3
Rebecca Hanson,E16 1EB,4,2
Kathleen Lee,N8 9NJ,6,4
Gina Washington,SW9 6JS,3,2
Luke Martin,SE7 7SH,10,5
Andrea Wright,N1 9PD,8,3
Cheryl Delacruz,SW18 1RR,8,3
Stephen Solis,NW11 7EL,7,2
Michael Dean,E14 3QJ,10,3
Robert West,N1 7EG,5,5
Monica Davis,NW2 5HD,10,2
Michelle Riddle,SE20 7DX,6,4
Lauren Owens,NW2 4ET,5,2
Jessica Chase,SE9 4SZ,8,5
Anthony Whitaker,N1 9SQ,10,2
Jeffrey Jordan,N7 0FG,4,2
Joshua Smith,NW3 6WD,4,3
Theresa Patterson,SE3 7BZ,9,2
Rachel Randall,N17 6RR,3,2
Karen Cole,SE19 1XF,9,4
Hayley Torres,N11 1JX,3,3
Brianna Hill,W4 2TD,6,5
Cheryl Sanchez,W5 1DZ,10,2
Richard Tucker,N3 1HP,10,5
Brittany Nguyen,N15 4UF,7,5
Jamie Gonzalez,E15 4NX,6,5
Steven Parker,NW8 8BA,4,4
Gregory Weber,E15 3HU,9,5
Maria Shelton,NW7 4ED,6,2
Anna Atkins,N19 4LY,10,4
Brenda Tucker,N6 5HS,5,3
Carrie Hansen,E6 5QJ,6,4
Emily Atkins,NW1 7SU,7,2
Shane Clark,E17 3QG,5,5
Denise Johnston,SW17 0RS,9,3
Christian Wilson,SW7 1PL,8,3
Roger Hayes,SW4 7LL,7,4
Patrick May,N3 3AN,10,5
Pamela Garcia,W8 4LR,3,4
Andrew Garcia,NW10 3RT,3,5
James Peters,SW19 2SX,9,3
Jasmine Thomas MD,SE19 1DW,7,3
Deborah Lawrence DVM,N4 2DS,10,5
Darren Patel,NW9 8DP,4,4
Heather Lewis,SE13 9GL,9,4
Sara Smith,W14 9HS,8,3
Eileen Hernandez,SW3 2DF,7,2
Susan Smith,SE18 5JZ,3,3
Alexis Mason,SE17 1QZ,9,5
Nicholas Gutierrez,W3 7TN,8,4
Jeremy Yu,N9 8NS,5,3
Thomas Beasley,N1 5QU,5,5
Theresa Herrera,N20 9ES,6,3
Curtis Smith,SE24 0AJ,7,5
Pamela Jacobson,NW8 8QJ,5,5
Kelly Kelley,NW10 6JR,3,5
Eric Reynolds,E4 7EE,3,3
Joshua Smith,N19 5HE,5,4
Ruben Wright,SE22 8UN,9,2
Emily Brown,SE4 2LN,5,5
Stephanie Sexton,E1 0FP,8,5
Michael Macias,SE10 0XS,7,4
Wendy Dalton,NW9 7EL,5,4
Thomas Yang,E5 9LS,8,3
Sean Mack,SW16 3QF,10,5
Debra Johnson,N4 2JP,5,3
Thomas Clark,E17 8RS,8,3
Michael Foster,SW11 5BY,9,3
Emily Campos,E3 3PH,8,3
Scott Schultz,NW7 3QX,3,4
Sandra Miller,NW2 6AX,7,3
Caitlyn Hayes,N11 1JU,7,4
Craig Bird,SE10 0ZJ,3,4
Pamela Morales,SW7 3BX,4,4
David Ellis,E3 3DF,6,5
Janet Fletcher,E14 7BL,9,3
Brittany Patterson,N11 1JZ,6,3
Brian Castaneda,NW1 0TH,5,2
Kathleen Price,SW16 3AQ,7,4
Brandi Johnson,NW7 3ZT,6,5
Natalie Patterson,N19 3QW,3,2
Amy Summers,W5 3HJ,7,4
Richard Gonzalez,E14 5GW,10,5
Robert Potter,W12 7SD,7,5
Vanessa Dixon,N7 7PL,9,3
John Baker,SE8 3EE,8,5
Timothy Russell,N16 6EX,3,3
Brenda Rodriguez,N4 3HD,5,5
John Blevins,E15 2FT,5,2
Carol Moore,SE8 5FX,3,2
Franklin Wood,E3 2DL,5,2
Stacy Morgan,SE5 0AH,10,5
Christopher Reed,SE26 6LR,3,5
Edward Walker,SE9 2AE,6,5
Tricia Baldwin,SE23 9EG,8,2
Sean Smith,N15 4LD,4,5
Lori Aguilar,SE28 8AT,9,4
Laurie Bennett,E5 9RP,4,3
Daisy Walker,W10 4SZ,6,4
Cathy Davis,SE21 7BH,10,4
Kristina Yates,N7 6FP,9,3
Zachary Ramirez,N4 2XX,7,3
Susan Gordon,SW11 3UX,9,3
Patricia Mcclure,E9 7HE,10,4
Sheila Perry,N6 5NU,7,3
Ashley Ross,N14 4RU,4,5
Catherine Koch,SE10 8AH,10,4
Christian Osborn,N14 5QR,7,5
Angela Hall,W8 5EP,5,5
Emily George,E14 0XE,8,3
Sandra Griffin,N13 4EN,8,4
Mrs. Sarah Phillips MD,SW10 0AL,8,4
Daniel Estrada,SE18 6EP,4,4
Anna Richardson,W3 8SG,8,3
Walter Tucker,N14 4ND,7,4
Anna Murray,SE9 5TG,7,4
Jerome Harris,SW19 1AA,3,4
Jay Andrade III,SW11 2QN,9,2
Leah Burns,N17 9BY,7,2
Lisa Salinas,N1 2RY,8,5
Debra Hoover,W3 9EH,4,2
Albert Adams,E2 0BY,5,4
Jennifer Douglas,SE16 7BZ,7,5
Richard Edwards,W5 1LU,8,3
Vincent Stewart,E1 2QH,10,4
Jill Reed,N17 6BZ,9,5
Janet Wade,NW7 3PA,4,3
William Foley,SE17 1QJ,7,4
Katherine Martin,N17 8LZ,6,2
Patricia Barajas,SE20 8LA,6,4
Phillip Brown,N12 9LE,3,2
Tammy Thomas,N18 2QA,7,2
Holly Luna,SW19 3DP,8,2
Elizabeth Rivers,E6 6LW,7,5
Erica Fuentes,SE16 5PP,8,5
Jodi Cherry,SE15 3HB,3,2
Jared Jackson,SW12 8AE,8,2
Jordan Hernandez,SW20 8BN,10,2
Mario Mercer,SE1 2YP,10,3
Gina Johnson,SW6 7EU,10,4
Cindy Cooper,E14 0GH,3,4
Michael Mcguire MD,SE8 5AX,3,3
Eric Russo,N18 2JD,8,4
Sharon Cross,E2 6FG,9,2
Lawrence Higgins,SW10 1DG,7,4
John Farmer,E15 2TG,6,3
Benjamin Aguilar,N1 6HS,8,4
Lynn Gregory,SE17 2GS,4,3
Susan Ellis,N16 9ND,7,4
Margaret Davis,SW6 2HX,10,3
Shane Sanders,E7 0NW,4,5
Kelly Velez,SW9 9AX,5,3
Victoria Gonzalez,SE4 2DS,7,5
Gary Carter,N20 8QT,7,2
Linda Brown,NW10 4EX,9,2
Jonathon Soto,SW2 1SS,9,3
Catherine Russo,SW15 6BZ,10,3
Kristen Huber,SE3 7SX,3,2




